{"Prob.Neg.Jump":1.67272112866436,"Prob.Pos.Jump":0.851691098190156,"Exp.Jump.Distr":0.0492406002472172,"Est.Mean.Rev":0.0724555641626977,"Est.Mean":{"year":["2015","2015","2015","2015","2015","2015","2015","2016","2016","2016","2016","2016","2016","2016","2016","2016","2016","2016","2016","2017","2017","2017","2017","2017","2017","2017","2017","2017","2017","2017","2017","2018","2018","2018"],"month":["6","7","8","9","10","11","12","1","2","3","4","5","6","7","8","9","10","11","12","1","2","3","4","5","6","7","8","9","10","11","12","1","2","3"],"Mean":[35.1497222222222,36.0124596774194,32.9944489247312,31.6154166666667,40.1082953020134,32.3118611111111,24.6011155913978,29.8556720430108,21.1966522988506,23.5169717362046,23.8760138888889,23.0947983870968,27.8739583333333,27.9127956989247,26.7839516129032,31.265125,37.396644295302,37.5539861111111,40.1454704301075,54.5287231182796,38.4911904761905,31.365598923284,27.6020555555556,32.1307392473118,29.7797777777778,32.3251344086022,31.3856182795699,34.0241527777778,29.2331409395973,41.569875,29.5433064516129,29.4583198924731,39.8258779761905,39.4739732888147]},"Est.Std":{"month":[1,2,3,4,5,6,7,8,9,10,11,12],"estimated.monthly.std":[6.71634191807104,6.12789081945551,5.53039962946105,5.01092693390778,4.64516348607266,4.48640354208273,4.55777952035703,4.84889144875514,5.31732231222126,5.89481850432442,6.49723484829395,7.03679512941881]}}
